"Personagem","Pasta","Titulo","CaminhoRelativo","TemDescricao","TikTokId","Aliases","Categoria"
"maia","1734189767118783667-banho-de-ervas","Banhos e Ervas na Força dos Orixás","MAIA/1734189767118783667-banho-de-ervas","True","1734189767118783667","System.Object[]","livros"
"maia","1734909017686902526-buzios-naturais-artesanato","Búzio Branco Aberto 30 Unidades Jogo de Búzios, Umbanda, Candomblé e Artesanato Maria Mariah","MAIA/1734909017686902526-buzios-naturais-artesanato","True","1734909017686902526","System.Object[]",""
"maia","1736184832898271096-kit-3-alfazema-1l","kit 3 Alfazema de 1 L","MAIA/1736184832898271096-kit-3-alfazema-1l","True","1736184832898271096","System.Object[]",""
"maia","1736560719464400837-quadros-decorativos-orixas","Quadro Decorativo Orixás Iemanjá Oxum e Iansã Mosaico Sala Grande Envio Rápido Pronta Entrega","MAIA/1736560719464400837-quadros-decorativos-orixas","True","1736560719464400837","System.Object[]","Decoração / Quadros decorativos de orixás"
"maia","alfazema-1l-banhos-limpeza-ambiente","Alfazema de 1L Para Banhos e Limpeza de Ambiente","MAIA/alfazema-1l-banhos-limpeza-ambiente","True","1736184794105939832","System.Object[]","artigos-religiosos"
"maia","alfazema-rosa-negra","Alfazema Rosa Negra - Deo Colônia - Uso Diário","MAIA/alfazema-rosa-negra","True","","System.Object[]",""
"maia","banhos-e-ervas-na-forca-dos-orixas","Banhos e Ervas na Força dos Orixás","MAIA/banhos-e-ervas-na-forca-dos-orixas","True","1734189767118783667","System.Object[]",""
"maia","fio-pedra-natural-8mm-45-bolinhas","Fio de Pedra Natural 8MM - Aproximadamente 45 Bolinhas para Japamalas Pulseiras Colares e Terços Qualidade e Beleza","MAIA/fio-pedra-natural-8mm-45-bolinhas","True","","System.Object[]",""
"maia","guia-fio-de-contas-exu-pombagira","Guia Fio de Contas Exu e Pombagira Colar Religioso Umbanda Candomblé com e sem firma","MAIA/guia-fio-de-contas-exu-pombagira","True","","System.Object[]",""
"maia","guia-fio-de-contas-malandro-com-firma","Guia Fio de Contas Malandro com Firma Colar Religioso Maria Mariah","MAIA/guia-fio-de-contas-malandro-com-firma","True","1735042380243502846","System.Object[]","artigos-religiosos"
"maia","guia-fio-de-contas-preto-roxo","Guia Fio de Contas Preto e Roxo | Pombagira Maria Mulambo","MAIA/guia-fio-de-contas-preto-roxo","True","","System.Object[]",""
"maia","guia-pomba-gira-rosas-65cm","Guia Fio de Contas Pomba Gira com Rosas — 65 cm","MAIA/guia-pomba-gira-rosas-65cm","True","1733611654706268002","System.Object[]",""
"maia","incensos-bhakti-aromas-variados","Kit 70 Incenso Indiano Várias Fragrâncias 10 Caixas 70 Varetas Limpeza de Ambiente e Espiritualidade","MAIA/incensos-bhakti-aromas-variados","True","","System.Object[]",""
"maia","kit-3-quadros-decorativos-orixas","quadro decorativo orixás umbanda religião decoração quarto sala hall","MAIA/kit-3-quadros-decorativos-orixas","True","","System.Object[]",""
"maia","kit-3-quadros-decorativos-salve-nossos-orixas","quadro decorativo salve nossos orixás religião","MAIA/kit-3-quadros-decorativos-salve-nossos-orixas","True","1733382319257126800","System.Object[]",""
"maia","kit-50-incensos-cone-backflow","50 Incensos Backflow Cone Sortidos Cascata de Fumaça","MAIA/kit-50-incensos-cone-backflow","True","","System.Object[]",""
"maia","livro-rezas-mandingas-preto-velho","Livro Rezas e Mandingas de Preto Velho","MAIA/livro-rezas-mandingas-preto-velho","True","","System.Object[]",""
"maia","pulseira-olho-de-tigre-onix-hematita-18cm","Pulseira de Pedra Natural — Olho de Tigre, Ônix e Hematita","MAIA/pulseira-olho-de-tigre-onix-hematita-18cm","True","1733177436961080917","System.Object[]",""
"maia","pulseira-sete-nos","pulseira sete nos","MAIA/pulseira-sete-nos","False","","System.Object[]",""
"nanda","1736451832883480352-blusa-feminina-manga-longa-plus-size","Blusa Manga Longa Feminina Segunda Pele com Gola Alta","NANDA-SALES/1736451832883480352-blusa-feminina-manga-longa-plus-size","True","1736451832883480352","System.Object[]",""
"nanda","1737138048260933494-calça-cintura-alta-academia","CALÇA FLARE BAILARINA FEMININA CINTURA ALTA EM SUPLEX PARA ACADEMIA, PILATES E USO DIÁRIO KARFOS - RP MODAS","NANDA-SALES/1737138048260933494-calça-cintura-alta-academia","True","1737138048260933494","System.Object[]","moda-feminina"
"nanda","365-habitos-simples-e-poderosos","365 Hábitos Simples e Poderosos","NANDA-SALES/365-habitos-simples-e-poderosos","True","1732162539837097445","System.Object[]","livros"
"nanda","batom-matte-micro-brilho-bokkin-4g","Batom Matte com Micro Brilho BOKKIN — 4g","NANDA-SALES/batom-matte-micro-brilho-bokkin-4g","True","1736467641030575473","System.Object[]",""
"nanda","blusa-feminina-manga-longa-gola-alta-ribana","Kit 3, 2 ou 1 unidade Blusa Feminina Manga Longa Cacharrel Com Gola Alta Sueter Em Ribana Premium","NANDA-SALES/blusa-feminina-manga-longa-gola-alta-ribana","True","","System.Object[]",""
"nanda","blusa-segunda-pele-canelada-gola-alta-slim-mid-plus-size","Blusa Manga Longa Feminina Blusa Feminina Elegante Elegante Blusa Segunda Pele Feminino Blusa Gola Alta Feminino","NANDA-SALES/blusa-segunda-pele-canelada-gola-alta-slim-mid-plus-size","True","1736451832883480352","System.Object[]","moda-feminina"
"nanda","body-canelado-feminino-sem-manga","Body Canelado Feminino Sem Manga Gola Redonda Tecido Canelado Premium Modelagem Perfeita","NANDA-SALES/body-canelado-feminino-sem-manga","True","","System.Object[]",""
"nanda","calca-feminina","calca feminina","NANDA-SALES/calca-feminina","False","","System.Object[]",""
"nanda","calca-jeans-plus-size-feminina-cintura-alta","Calça jeans skinny feminina plus size de cintura alta","NANDA-SALES/calca-jeans-plus-size-feminina-cintura-alta","True","1733384293344708139","System.Object[]",""
"nanda","calca-jeans-plus-size-flare-com-lycra","Calça Jeans Feminina Cintura Alta Plus Size Flare Com Lycra","NANDA-SALES/calca-jeans-plus-size-flare-com-lycra","True","","System.Object[]",""
"nanda","calca-pantalona-viscose-linho-cinto-fake-corrente","Calça Pantalona De Linho Com Cinto Fake Cintura alta e casual com decoração De Corrente Metálica e Bolsos.","NANDA-SALES/calca-pantalona-viscose-linho-cinto-fake-corrente","True","1736386643255329824","System.Object[]","moda-feminina"
"nanda","caneta-impressao-3d-profissional-infantil","Caneta de impressão 3D profissional para crianças na cor azul, inclui cabo USB e refis de reposição, exclusiva para e-commerce transfronteiriço.","NANDA-SALES/caneta-impressao-3d-profissional-infantil","True","","System.Object[]",""
"nanda","capa-colchao-impermeavel-elastico-ajustavel-premium","Capa de colchão impermeável com elástico ajustável em toda volta premium","NANDA-SALES/capa-colchao-impermeavel-elastico-ajustavel-premium","True","1736018212541400648","System.Object[]","casa-e-cozinha"
"nanda","chaleira-eletrica-vidro-2l","Chaleira Elétrica Vidro 2 Litros Base Giratória 360° 1000w Cor Prateado","NANDA-SALES/chaleira-eletrica-vidro-2l","True","","System.Object[]",""
"nanda","conjunto-cropped-shorts-purple-summer","conjunto cropped shorts purple summer","NANDA-SALES/conjunto-cropped-shorts-purple-summer","False","","System.Object[]",""
"nanda","desodorante-natural-toque-refrescante-60g-com-brinde","Desodorante natural de cristal Divora, 60 g, com toque refrescante e brinde","NANDA-SALES/desodorante-natural-toque-refrescante-60g-com-brinde","True","1734442365521397588","System.Object[]","beleza-e-perfumaria"
"nanda","esponja-bucha-silicone-banho","Esponja Bucha De Silicone Com Porta Sabão Escova Para Banho","NANDA-SALES/esponja-bucha-silicone-banho","True","","System.Object[]",""
"nanda","garrafa-termica-650ml","garrafa termica 650ml","NANDA-SALES/garrafa-termica-650ml","False","","System.Object[]",""
"nanda","jogo-lencol-micropercal-400-fios-3-pecas","Jogo de Lençol Micro Percal 400 Fios — 3 Peças","NANDA-SALES/jogo-lencol-micropercal-400-fios-3-pecas","True","1736378523664746282","System.Object[]",""
"nanda","jogo-lencol-plush-3-pecas","Lençol De Plush 3 Peças Lençol Com elástico em toda Volta Toque Macio Solteiro/Casal/Queen/King","NANDA-SALES/jogo-lencol-plush-3-pecas","True","","System.Object[]",""
"nanda","kit-1-2-3-blusas-cacharrel-gola-alta-ribana-premium","Kit 3, 2 ou 1 unidade Blusa Feminina Manga Longa Cacharrel Com Gola Alta Sueter Em Ribana Premium","NANDA-SALES/kit-1-2-3-blusas-cacharrel-gola-alta-ribana-premium","True","1735907089243932117","System.Object[]","moda-feminina"
"nanda","kit-10-cuecas-boxer-polo-wear","""Meninas, troquei todas as cuecas velhas do meu namorado por esse kit Polo Wear com 10 por um precinho incrível! Corre no carrinho!""","NANDA-SALES/kit-10-cuecas-boxer-polo-wear","True","","System.Object[]",""
"nanda","kit-10-potes-1000ml-livre-bpa","Kit de 10 potes transparentes de 1.000 ml para organizar alimentos","NANDA-SALES/kit-10-potes-1000ml-livre-bpa","True","1733153702772180126","System.Object[]",""
"nanda","kit-12-potes-marmita-800ml","Kit Com 12 Potes 800ml Tampa Com Trava Lavável Microondas Freezer Marmita Fitness Durável BPAFree","NANDA-SALES/kit-12-potes-marmita-800ml","True","","System.Object[]",""
"nanda","kit-2-ou-4-calcinhas-modeladoras-cintura-alta","Kit 4 ou 2 Calcinhas Modeladoras Cintura Alta Cós Duplo Fio Duplo Lingerie Segura Barriga Power Fitness Pós-Parto","NANDA-SALES/kit-2-ou-4-calcinhas-modeladoras-cintura-alta","True","1733006042865697858","System.Object[]",""
"nanda","kit-2-sutias-alta-sustentacao-sem-bojo-plus-size","2 Sutiãs Alta Sustentação Sem Bojo PLUS SIZE Reforçado Alça Com Regulagem Feminino","NANDA-SALES/kit-2-sutias-alta-sustentacao-sem-bojo-plus-size","True","","System.Object[]",""
"nanda","kit-3-shorts-canelados","Kit 3 Shorts Feminino Malha Canelada Confortável Casual","NANDA-SALES/kit-3-shorts-canelados","True","","System.Object[]",""
"nanda","kit-3-tops-sutia-alca-fina-bojo-removivel","KIT 3 Top Sutiã alça fina importado com bojo removível, conforto e estilo","NANDA-SALES/kit-3-tops-sutia-alca-fina-bojo-removivel","True","1736272980249970344","System.Object[]","moda-feminina"
"nanda","kit-4-regatas-plus-size-viscolycra","Kit 4 Regatas Blusas Plus Size Feminina T-shirt Manga Curta Basica Lisa Cobre Leg Academia Exercicios Tapa Bumbum","NANDA-SALES/kit-4-regatas-plus-size-viscolycra","True","1735075349184088061","System.Object[]","moda-feminina"
"nanda","kit-5-calcinhas-fio-duplo-renda-regulagem-lateral","Kit 5 Calcinhas Fio Duplo de Renda com Regulagem na Lateral Sexy Lingerie Moda Íntima Premium","NANDA-SALES/kit-5-calcinhas-fio-duplo-renda-regulagem-lateral","True","1732275239017416697","System.Object[]",""
"nanda","kit-5-calcinhas-fio-duplo-sem-costura","Kit 5 Calcinhas Fio Duplo Empina Bumbum Sem Costura Conforto Sensual","NANDA-SALES/kit-5-calcinhas-fio-duplo-sem-costura","True","","System.Object[]",""
"nanda","kit-5-camisetas-academia","Kit 5 camisas femina academia Super Confortavel e Leve","NANDA-SALES/kit-5-camisetas-academia","True","","System.Object[]",""
"nanda","kit-5-shorts-canelados-arara-sport","ARARA SPORT Combo Completo KIT 5 Short Canelado Poliamida Premium Sem Empina Sem Costura Cintura Alta Zero Transparente Para Academia Dia A Dia Fitness YD306-1","NANDA-SALES/kit-5-shorts-canelados-arara-sport","True","","System.Object[]",""
"nanda","kit-50-100-150-xuxinhas-cabelo-sem-costura","Kit Até 50, 100 ou 150 Unidades de Xuxinhas de Cabelo Sem Costura","NANDA-SALES/kit-50-100-150-xuxinhas-cabelo-sem-costura","True","1733540046822803304","System.Object[]",""
"nanda","kit-6-formas-silicone-airfryer","KIT 6 Forma De Silicone Air Fryer Assadeira Em Silicone Flexível Lavável Forno e Microondas","NANDA-SALES/kit-6-formas-silicone-airfryer","True","","System.Object[]",""
"nanda","kit-6-ou-12-pares-meias-cano-curto","kit 6 ou 12 pares meias cano curto","NANDA-SALES/kit-6-ou-12-pares-meias-cano-curto","False","","System.Object[]",""
"nanda","kit-6-toalhas-banho-algodao","Kit 6 Toalha de banho Macia Cores Sortidas Alta Absorção 0,70x1,40","NANDA-SALES/kit-6-toalhas-banho-algodao","True","","System.Object[]",""
"nanda","kit-ate-10-boxer-feminina-shortinho-compressao-cos-10cm","Kit ATÉ 10 pçs Boxer Feminina Shortinho Compressão 10 cm de cós Alta elasticidade","NANDA-SALES/kit-ate-10-boxer-feminina-shortinho-compressao-cos-10cm","True","1735168532329432898","System.Object[]","moda-feminina"
"nanda","kit-ate-5-tops-reforcados-bojo-removivel-ziper","KIT até 5 TOP Reforçado Com Bojo Removível, Zíper e Tecnologia Importada","NANDA-SALES/kit-ate-5-tops-reforcados-bojo-removivel-ziper","True","","System.Object[]",""
"nanda","kit-calcinha-calcola-cintura-alta-lisa-redutora","KIT Calcinha Calçola Cintura Alta Lisa Redutora Luxo Lateral Larga Conforto Lingerie","NANDA-SALES/kit-calcinha-calcola-cintura-alta-lisa-redutora","True","","System.Object[]",""
"nanda","kit-calcinha-cintura-alta-zero-culote","KIT Calcinha Calçola Cintura Alta Lisa Redutora Luxo Lateral Larga Conforto Lingerie","NANDA-SALES/kit-calcinha-cintura-alta-zero-culote","True","","System.Object[]",""
"nanda","kit-caneca-bandeja-pequeno-principe","kit caneca bandeja pequeno principe","NANDA-SALES/kit-caneca-bandeja-pequeno-principe","False","","System.Object[]",""
"nanda","kit-inoar-latifah-shampoo-condicionador-500ml","Kit Inoar Latifah Sh 500 Ml + Cond Argan E Mirra 500 Ml - Enriquecido com perfumaria Árabe.","NANDA-SALES/kit-inoar-latifah-shampoo-condicionador-500ml","True","","System.Object[]",""
"nanda","kit-sabao-liquido-ares-action-green-10l","Kit 2 Lava Roupas Sabão Líquido 5L Lavagem Profissional - Ares Action Green","NANDA-SALES/kit-sabao-liquido-ares-action-green-10l","True","","System.Object[]",""
"nanda","kit-shorts-segunda-pele","Kit Shortinho Curto Feminino Plus Size P M G GG Anágua Short Segunda Pele Vestido Comportado Calcinha Cós Duplo Confortável Moda Intima Lingerie Feminina Adulto.","NANDA-SALES/kit-shorts-segunda-pele","True","","System.Object[]",""
"nanda","macaquinho-feminino","macaquinho feminino","NANDA-SALES/macaquinho-feminino","False","","System.Object[]",""
"nanda","moletom-feminino","moletom feminino","NANDA-SALES/moletom-feminino","False","","System.Object[]",""
"nanda","mulheres-de-deus-365-dias","mulheres de deus 365 dias","NANDA-SALES/mulheres-de-deus-365-dias","False","","System.Object[]",""
"nanda","percarbonato-sodio-500g","Percarbonato de Sódio 100% Puro Limpeza Em Geral Tira Manchas Roupas Brancas 500g","NANDA-SALES/percarbonato-sodio-500g","True","1733734872701044465","System.Object[]",""
"nanda","perfume-love-rain-coco-baunilha-30ml","Perfume Feminino com fragrância de coco, baunilha e floral de longa duração, com 30ml","NANDA-SALES/perfume-love-rain-coco-baunilha-30ml","True","","System.Object[]",""
"nanda","sutia-alta-sustentacao-reforcado-sem-bojo","Sutiã Alta Sustentação Reforçado Sem Bojo Alça Reforçada e Ajustável Ultra Confortável Esportivo e Elegante - 90% Poliamida + 10% Elastano.","NANDA-SALES/sutia-alta-sustentacao-reforcado-sem-bojo","True","","System.Object[]",""
"nanda","sutia-nude-sem-costura-formato-u","sutia nude sem costura formato u","NANDA-SALES/sutia-nude-sem-costura-formato-u","False","","System.Object[]",""
"nanda","sutia-poliamida-plus-size-reforcado-com-pala","Sutiã Poliamida Plus Size Reforçado com Pala de Sustentação","NANDA-SALES/sutia-poliamida-plus-size-reforcado-com-pala","True","1734314771460425093","System.Object[]","moda-feminina"
"nanda","sutia-sem-costura-bojo-fixo-zd618-independente","sutia sem costura bojo fixo zd618 independente","NANDA-SALES/sutia-sem-costura-bojo-fixo-zd618-independente","False","","System.Object[]",""
"nanda","sutia-sustentacao-alcas-espumadas-demillus-61004","Sutiã Sustentação Alças Espumadas DeMillus 61004","NANDA-SALES/sutia-sustentacao-alcas-espumadas-demillus-61004","True","1737060910457063408","System.Object[]","moda-feminina"
"nanda","tela-decorativa-borboleta-rosa-60x90cm","Tela Decorativa Grande Borboleta Rosa - 60cm x 90cm","NANDA-SALES/tela-decorativa-borboleta-rosa-60x90cm","False","","System.Object[]",""
